usuario,pregunta,respuesta,valoracion
Prueba,¿?,"¿Puedes especificar qué información buscas sobre estos manuales de instrucciones? Por ejemplo, estás buscando soluciones a problemas, comprobaciones específicas o detalles sobre los botones.",5
Ander,Quiero fijar el rápido (G00) para no superar 40 m/min: ¿qué variable debo limitar desde PLC y dónde comparo el real?,Debes limitar la variable `V.[2].MPG.FRAPIDEN` en el PLC. Esta variable controla el avance rápido y debe compararse con el valor máximo de 40 m/min definido en los parámetros de eje G00FEED y FRAPIDEN.,3
Ander,Cual es el aceite que emplea el grupo hidráulico ?,El grupo hidráulico emplea aceite ISO 3498 HM46.,5
Ander,Si quisiera apagar la luz dentro de la máquina que tendría que hacer ?,"Para apagar la luz dentro de la máquina, debes apagar las lámparas individuales. No se menciona un interruptor específico para apagar todas las luces al mismo tiempo, así que tendrías que apagar cada una de las cuatro lámparas de 19.5 W manualmente.",1
Ander,Refrigerante a emplear ?,El refrigerante a emplear es CUT-MAX S 50259-1 (14cSt - 40ºC).,5
Ander,Velocidad máxima de corte ?,"La velocidad máxima de corte debe ser programada para evitar errores como ""Programada velocidad máxima de corte nula"" (error 2135). Debe establecerse una velocidad máxima válida para el cabezal.",3
Ander,Longitud máxima de brocha ?,La longitud máxima de brocha es de 2640 mm.,5
Ander,Cuantos tornillos emplea la configuración inclinada del plato divisor? (Tornillos plato divisor),La configuración inclinada del plato divisor emplea 7 tornillos para fijar el plato a la base y 3 tornillos para ajustarlo. Total: 10 tornillos.,5
Ander,Cada cuanto tengo que accionar el engrase manual ?,Debes ejecutar una embolada por semana según las instrucciones del manual de instrucciones A218.,4
Ander,Cual debería de ser la presión del aire que recibe la máquina ?,"La presión del aire que recibe la máquina debe ser máxima a 6 bar, según las especificaciones del manual de instrucciones A218.",5
Ander,Que aceite se emplea para el engrase automatico y que grasa para el engrase manual ?,"Para el engrase automático se usa grasa Alpha G11 NLGI 0-1 (176cSt – 40ºC), mientras que para el engrase manual se emplea aceite G220 según ISO 3498 (220cSt – 40ºC).",5
Ander,Que control CNC se emplea en la máquina de brochado ?,"El manual no especifica el tipo específico de control CNC que se emplea en la máquina de brochado. Solo detalla funciones como la regulación de velocidad, edición de parámetros de brochado y sistema de limpieza de brochas.",0
Ander,Que equipo de seguridad se recomienda para la máquina ?,Se recomienda que el operario utilice gafas de seguridad y guantes durante el trabajo con la máquina en funcionamiento.,3
Ander,Que normas sigue la máquina de brochado ?,"La máquina de brochado sigue normas técnicas de seguridad vigentes y directivas de seguridad de la Unión Europea. Cumple con los requisitos necesarios para el marcado ""CE"". Además, está diseñada exclusivamente para brochado exterior con esfuerzo inferior a 70KN y carro portabrochas de longitud menor a 3000mm. No debe usarse para propósitos diferentes.",3
Ander,Referencia de las cremalleras y reglas ópticas de la maquina ?,"Según el manual, las cremalleras se muestran en el corte 3D de la columna en la página 35, junto con regla lineal, piñón y servomotores. No hay mención específica a reglas ópticas, pero es posible que se refieran a elementos de guía o alineación similares a las reglas lineales.",0
Ander,Referencia de las cremallera accionamiento carro porta pieza ?,El accionamiento del carro porta-piezas se realiza mediante juegos de sistemas piñón/cremallera (WITTENSTEIN) impulsados por dos servomotores colocados sobre el mismo carro.,3
Ander,Tamaño máximo del disco que se puede introducir ?,No lo sé. El contexto proporcionado no contiene información sobre el tamaño máximo del disco que se puede introducir.,3
Ander,Cuantos manómetros tienen al máquina ?,No lo sé. El texto proporcionado no menciona manómetros en la máquina.,0
Ander,Tiene manómetros la máquina ?,No se mencionan manómetros en el manual de instrucciones proporcionado.,0
Ander,Tensíon eléctrica empleada por la máquina ?,La máquina debe conectarse a una red trifásica de 380 V y 50 Hz para su funcionamiento.,5
Prueba,Cuántos manómetros tiene la máquina?,"Según el esquema neumático, la máquina tiene dos manómetros, BP710 y BP711.",3
